time_res,mem_res,num_th,exa_th,time,batch_size
2,100000,644.2457938008968,1937.6089899244334,26.814,3
3,100000,966.3686907013453,1937.6089899244334,27.538,3
4,100000,858.994391734529,1937.6089899244334,27.488,3
5,100000,1073.7429896681613,1937.6089899244334,27.566,3
6,100000,1288.4915876017935,1937.6089899244334,27.55,3
7,100000,1503.2401855354256,1937.6089899244334,27.676,3
8,100000,1717.988783469058,2403.846153125,18.846,3
9,100000,1932.73738140269,2403.846153125,18.789,3
10,100000,1610.614484502242,1937.6089899244334,16.791,3
11,100000,1771.6759329524662,1937.6089899244334,16.71,3
12,100000,1932.7373814026905,2403.846153125,19.325,3
13,100000,2093.7988298529144,2403.846153125,19.619,3
14,100000,2254.8602783031383,2403.846153125,19.577,3
15,100000,1932.73738140269,2403.846153125,19.47,3
16,100000,1717.988783469058,2403.846153125,19.493,3
18,100000,1932.73738140269,2403.846153125,19.79,3
20,100000,1840.7022680025623,2403.846153125,19.708,3
22,100000,2024.7724948028183,2403.846153125,19.563,3
24,100000,2208.8427216030746,2403.846153125,19.298,3
26,100000,2392.9129484033306,2403.846153125,19.666,3
28,100000,2254.8602783031383,2403.846153125,19.684,3
30,100000,2147.4859793363225,2403.846153125,19.562,3
32,100000,2061.58654016287,2403.846153125,19.461,3
36,100000,2319.2848576832284,2403.846153125,19.893,3
40,100000,2342.711977457807,2403.846153125,19.741,3
44,100000,2362.234577269955,2403.846153125,19.468,3
48,100000,2378.753700187927,2403.846153125,19.578,3
52,100000,2392.9129484033306,2403.846153125,19.778,3
56,100000,2254.8602783031383,2403.846153125,19.728,3
60,100000,2273.8086840031647,2403.846153125,19.659,3
64,100000,2290.6517112920774,2403.846153125,19.635,3
72,100000,2319.2848576832284,2403.846153125,19.851,3
80,100000,2342.711977457807,2403.846153125,19.776,3
88,100000,2362.234577269955,2403.846153125,19.788,3
96,100000,2378.753700187927,2403.846153125,19.487,3
104,100000,2392.9129484033306,2403.846153125,19.885,3
112,100000,2327.5977066354976,2403.846153125,19.735,3
120,100000,2342.7119774578064,2403.846153125,19.601,3
128,100000,2356.0989030432797,2403.846153125,19.615,3
144,100000,2378.7537001879264,2403.846153125,19.858,3
160,100000,2397.193651352174,2403.846153125,19.73,3
176,100000,2362.234577269955,2403.846153125,19.56,3
192,100000,2378.753700187927,2403.846153125,19.584,3
208,100000,2392.9129484033306,2403.846153125,19.599,3
224,100000,2365.7550460885386,2403.846153125,19.61,3
240,100000,2378.7537001879264,2403.846153125,19.51,3
256,100000,2390.2452639569506,2403.846153125,19.512,3
260,100000,2392.912948403331,2403.846153125,19.786,3
264,100000,2395.505486808968,2403.846153125,19.769,3
268,100000,2398.0260102588936,2403.846153125,19.598,3
272,100000,2400.4774782718346,2403.846153125,19.591,3
276,100000,2402.862690392534,2403.846153125,19.7,3
280,100000,2373.537135055936,2403.846153125,19.697,3
284,100000,2376.1792914214893,2403.846153125,19.587,3
288,100000,2378.7537001879264,2403.846153125,19.461,3
292,100000,2381.2629340488843,2403.846153125,19.622,3
296,100000,2383.709437063318,2403.846153125,19.667,3
300,100000,2386.095532595914,2403.846153125,19.477,3
304,100000,2388.423430676495,2403.846153125,19.604,3
308,100000,2390.695234827424,2403.846153125,19.943,3
312,100000,2392.912948403331,2403.846153125,19.77,3
316,100000,2395.078480483334,2403.846153125,19.681,3
320,100000,2397.193651352174,2403.846153125,19.487,3
324,100000,2399.2601976033397,2403.846153125,19.566,3
328,100000,2401.279776894252,2403.846153125,19.636,3
332,100000,2403.253972380873,2403.846153125,19.615,3
336,100000,2378.753700187927,2403.846153125,19.708,3
340,100000,2380.9083683946187,2403.846153125,19.878,3
344,100000,2383.0166996506287,2403.846153125,19.831,3
348,100000,2385.080172794809,2403.846153125,19.632,3
352,100000,2387.100204399112,2403.846153125,19.656,3
356,100000,2389.0781520116584,2403.846153125,19.799,3
360,100000,2391.0153171992047,2403.846153125,19.657,3
364,100000,2392.912948403331,2403.846153125,19.567,3
368,100000,2394.7722436235354,2403.846153125,19.599,3
372,100000,2396.5943529393357,2403.846153125,19.62,3
376,100000,2398.3803808825464,2403.846153125,19.696,3
380,100000,2400.1313886700073,2403.846153125,19.528,3
384,100000,2401.848396306256,2403.846153125,19.499,3
388,100000,2403.532384564884,2403.846153125,19.766,3
392,100000,2382.4938789618072,2403.846153125,19.895,3
396,100000,2384.3115359360295,2403.846153125,19.646,3
400,100000,2386.095532595914,2403.846153125,19.577,3
404,100000,2387.8467953721315,2403.846153125,19.77,3
408,100000,2389.5662170069622,2403.846153125,19.641,3
412,100000,2391.254658071797,2403.846153125,19.676,3
416,100000,2392.9129484033306,2403.846153125,19.532,3
420,100000,2394.54188846351,2403.846153125,19.761,3
424,100000,2396.142250627897,2403.846153125,19.813,3
428,100000,2397.714780406816,2403.846153125,19.617,3
432,100000,2399.2601976033393,2403.846153125,19.584,3
436,100000,2400.7791974118886,2403.846153125,19.913,3
440,100000,2402.272451460971,2403.846153125,19.726,3
444,100000,2403.740608803346,2403.846153125,19.769,3
448,100000,2385.306740684312,2403.846153125,19.873,3
452,100000,2386.877859000044,2403.846153125,19.657,3
456,100000,2388.423430676495,2403.846153125,19.965,3
460,100000,2389.9440737775203,2403.846153125,19.802,3
464,100000,2391.4403865889285,2403.846153125,19.565,3
468,100000,2392.9129484033306,2403.846153125,19.745,3
472,100000,2394.3623202678996,2403.846153125,19.832,3
476,100000,2395.7890456970845,2403.846153125,19.643,3
480,100000,2397.1936513521737,2403.846153125,19.586,3
484,100000,2398.5766476894923,2403.846153125,19.716,3
488,100000,2399.938529578913,2403.846153125,19.677,3
492,100000,2401.2797768942514,2403.846153125,19.498,3
496,100000,2402.6008550770284,2403.846153125,19.599,3
500,100000,2386.0955325959135,2403.846153125,19.888,3
504,100000,2387.499118203323,2403.846153125,19.842,3
508,100000,2388.882213509895,2403.846153125,19.679,3
512,100000,2390.2452639569506,2403.846153125,19.513,3
520,100000,2392.912948403331,2403.846153125,19.803,3
528,100000,2395.505486808968,2403.846153125,19.801,3
536,100000,2398.0260102588936,2403.846153125,19.603,3
544,100000,2400.4774782718346,2403.846153125,19.874,3
552,100000,2402.862690392534,2403.846153125,19.553,3
560,100000,2389.255924029816,2403.846153125,19.898,3
568,100000,2391.7098750255514,2403.846153125,19.76,3
576,100000,2394.100498253655,2403.846153125,19.468,3
584,100000,2396.43021388359,2403.846153125,19.844,3
592,100000,2398.7013203152887,2403.846153125,19.721,3
600,100000,2400.9160017424724,2403.846153125,19.488,3
608,100000,2403.076335159173,2403.846153125,19.715,3
616,100000,2390.695234827424,2403.846153125,19.807,3
624,100000,2392.912948403331,2403.846153125,19.703,3
632,100000,2395.078480483334,2403.846153125,19.663,3
640,100000,2397.193651352174,2403.846153125,19.728,3
648,100000,2399.2601976033397,2403.846153125,19.802,3
656,100000,2401.279776894252,2403.846153125,19.839,3
664,100000,2403.253972380873,2403.846153125,19.712,3
672,100000,2391.8959858243243,2403.846153125,19.837,3
680,100000,2393.918796637212,2403.846153125,19.79,3
688,100000,2395.8978710000915,2403.846153125,19.795,3
696,100000,2397.8346122215194,2403.846153125,19.708,3
704,100000,2399.7303642107477,2403.846153125,19.556,3
712,100000,2401.5864145876358,2403.846153125,19.65,3
720,100000,2403.4039975992005,2403.846153125,19.766,3
728,100000,2392.912948403331,2403.846153125,19.604,3
736,100000,2394.7722436235354,2403.846153125,19.695,3
744,100000,2396.5943529393357,2403.846153125,19.756,3
752,100000,2398.3803808825464,2403.846153125,19.818,3
760,100000,2400.1313886700073,2403.846153125,19.559,3
768,100000,2401.848396306256,2403.846153125,19.77,3
776,100000,2403.532384564884,2403.846153125,19.669,3
784,100000,2393.78531914646,2403.846153125,19.806,3
792,100000,2395.5054868089687,2403.846153125,19.676,3
800,100000,2397.193651352174,2403.846153125,19.728,3
808,100000,2398.8506976549525,2403.846153125,19.842,3
816,100000,2400.4774782718346,2403.846153125,19.842,3
824,100000,2402.0748148956513,2403.846153125,19.735,3
832,100000,2403.643499741462,2403.846153125,19.368,3
840,100000,2394.54188846351,2403.846153125,19.741,3
848,100000,2396.142250627897,2403.846153125,19.765,3
856,100000,2397.714780406816,2403.846153125,19.636,3
864,100000,2399.2601976033393,2403.846153125,19.567,3
872,100000,2400.7791974118886,2403.846153125,19.853,3
880,100000,2402.272451460971,2403.846153125,19.794,3
888,100000,2403.740608803346,2403.846153125,19.678,3
896,100000,2395.2042790274004,2403.846153125,19.702,3
904,100000,2396.7004016296737,2403.846153125,19.984,3
912,100000,2398.172097740481,2403.846153125,19.854,3
920,100000,2399.6199607158906,2403.846153125,19.684,3
928,100000,2401.044564848322,2403.846153125,19.658,3
936,100000,2402.446466126053,2403.846153125,19.838,3
944,100000,2403.8262029567054,2403.846153125,19.884,3
952,100000,2395.7890456970845,2403.846153125,19.685,3
960,100000,2397.1936513521737,2403.846153125,19.595,3
968,100000,2398.5766476894923,2403.846153125,19.808,3
976,100000,2399.938529578913,2403.846153125,19.597,3
984,100000,2401.2797768942514,2403.846153125,19.486,3
992,100000,2402.6008550770284,2403.846153125,19.742,3
1000,100000,2394.965776211512,2403.846153125,19.794,3
1008,100000,2396.309078049092,2403.846153125,19.78,3
1016,100000,2397.6326978084658,2403.846153125,19.482,3
1024,100000,2398.9370649167936,2403.846153125,19.61,3
1040,100000,2401.4896973223395,2403.846153125,19.818,3
1056,100000,2395.505486808968,2403.846153125,19.789,3
1072,100000,2398.0260102588936,2403.846153125,19.601,3
1088,100000,2400.4774782718346,2403.846153125,19.613,3
1104,100000,2402.862690392534,2403.846153125,19.792,3
1120,100000,2397.193651352174,2403.846153125,19.95,3
1136,100000,2399.5515467469468,2403.846153125,19.753,3
1152,100000,2401.848396306256,2403.846153125,19.586,3
1168,100000,2396.43021388359,2403.846153125,19.564,3
1184,100000,2398.7013203152887,2403.846153125,19.732,3
1200,100000,2400.9160017424724,2403.846153125,19.626,3
1216,100000,2403.076335159173,2403.846153125,19.643,3
1232,100000,2397.9178790414044,2403.846153125,19.777,3
1248,100000,2400.0559721299082,2403.846153125,19.67,3
1264,100000,2402.1436087443467,2403.846153125,19.732,3
1280,100000,2397.193651352174,2403.846153125,19.928,3
1296,100000,2399.2601976033397,2403.846153125,19.894,3
1312,100000,2401.279776894252,2403.846153125,19.703,3
1328,100000,2403.253972380873,2403.846153125,19.777,3
1344,100000,2398.5217364775767,2403.846153125,19.501,3
1360,100000,2400.4774782718346,2403.846153125,19.677,3
1376,100000,2402.3908191599835,2403.846153125,19.749,3
1392,100000,2397.8346122215194,2403.846153125,19.57,3
1408,100000,2399.7303642107477,2403.846153125,19.62,3
1424,100000,2401.5864145876358,2403.846153125,19.767,3
1440,100000,2403.4039975992005,2403.846153125,19.834,3
1456,100000,2399.032930368557,2403.846153125,19.503,3
1472,100000,2400.8349581643542,2403.846153125,19.584,3
1488,100000,2402.6008550770284,2403.846153125,19.902,3
1504,100000,2398.3803808825464,2403.846153125,19.806,3
1520,100000,2400.1313886700073,2403.846153125,19.576,3
1536,100000,2401.848396306256,2403.846153125,19.47,3
1552,100000,2403.532384564884,2403.846153125,19.658,3
1568,100000,2399.4712700232926,2403.846153125,19.65,3
1584,100000,2401.1419703073425,2403.846153125,19.595,3
1600,100000,2402.78151534134,2403.846153125,19.601,3
1616,100000,2398.8506976549525,2403.846153125,19.877,3
1632,100000,2400.4774782718346,2403.846153125,19.865,3
1648,100000,2402.0748148956513,2403.846153125,19.61,3
1664,100000,2403.643499741462,2403.846153125,19.565,3
1680,100000,2399.851293981167,2403.846153125,19.621,3
1696,100000,2401.4084973325735,2403.846153125,19.864,3
1712,100000,2402.938559884826,2403.846153125,19.669,3
1728,100000,2399.2601976033393,2403.846153125,19.562,3
1744,100000,2400.7791974118886,2403.846153125,19.661,3
1760,100000,2402.272451460971,2403.846153125,19.714,3
1776,100000,2403.740608803346,2403.846153125,19.693,3
1792,100000,2400.183913703133,2403.846153125,19.515,3
1808,100000,2401.6420519423123,2403.846153125,19.755,3
1824,100000,2403.076335159173,2403.846153125,19.791,3
1840,100000,2399.6199607158906,2403.846153125,19.705,3
1856,100000,2401.044564848322,2403.846153125,19.845,3
1872,100000,2402.446466126053,2403.846153125,19.685,3
1888,100000,2403.8262029567054,2403.846153125,19.708,3
1904,100000,2400.4774782718346,2403.846153125,19.781,3
1920,100000,2401.848396306256,2403.846153125,19.573,3
1936,100000,2403.1981826561387,2403.846153125,19.8,3
1952,100000,2399.938529578913,2403.846153125,19.782,3
1968,100000,2401.2797768942514,2403.846153125,19.483,3
1984,100000,2402.6008550770284,2403.846153125,19.495,3
2000,100000,2399.425675236115,2403.846153125,19.627,3
2016,100000,2400.738484847704,2403.846153125,19.827,3
2032,100000,2402.0320238594904,2403.846153125,19.618,3
2048,100000,2403.3067134867697,2403.846153125,19.541,3
2080,100000,2401.4896973223395,2403.846153125,19.821,3
2112,100000,2399.7303642107477,2403.846153125,19.724,3
2144,100000,2402.196490276735,2403.846153125,19.66,3
2176,100000,2400.4774782718346,2403.846153125,19.504,3
2208,100000,2402.862690392534,2403.846153125,19.517,3
2240,100000,2401.1823263128267,2403.846153125,19.784,3
2272,100000,2403.4916970700124,2403.846153125,19.575,3
2304,100000,2401.848396306256,2403.846153125,19.855,3
2336,100000,2400.2522716409803,2403.846153125,19.964,3
2368,100000,2402.478802709486,2403.846153125,19.895,3
2400,100000,2400.9160017424724,2403.846153125,19.646,3
2432,100000,2403.076335159173,2403.846153125,19.665,3
2464,100000,2401.545591415143,2403.846153125,19.803,3
2496,100000,2403.6434997414626,2403.846153125,19.89,3
2528,100000,2402.1436087443467,2403.846153125,19.611,3
2560,100000,2400.683016201304,2403.846153125,19.563,3
2592,100000,2402.712370549532,2403.846153125,19.809,3
2624,100000,2401.279776894252,2403.846153125,19.686,3
2656,100000,2403.253972380873,2403.846153125,19.542,3
2688,100000,2401.848396306256,2403.846153125,19.585,3
2720,100000,2403.770314318847,2403.846153125,19.582,3
2752,100000,2402.3908191599835,2403.846153125,19.665,3
2784,100000,2401.044564848322,2403.846153125,19.646,3
2816,100000,2402.908815024272,2403.846153125,19.5,3
2848,100000,2401.5864145876358,2403.846153125,19.686,3
2880,100000,2403.4039975992005,2403.846153125,19.775,3
2912,100000,2402.1046754778636,2403.846153125,19.587,3
2944,100000,2400.8349581643542,2403.846153125,19.658,3
2976,100000,2402.6008550770284,2403.846153125,19.568,3
3008,100000,2401.352351614743,2403.846153125,19.761,3
3040,100000,2403.076335159173,2403.846153125,19.595,3
3072,100000,2401.848396306256,2403.846153125,19.683,3
3104,100000,2403.532384564884,2403.846153125,19.866,3
3136,100000,2402.32438687231,2403.846153125,19.722,3
3168,100000,2401.1419703073425,2403.846153125,19.702,3
3200,100000,2402.78151534134,2403.846153125,19.723,3
3232,100000,2401.617538136676,2403.846153125,19.747,3
3264,100000,2403.220881104145,2403.846153125,19.848,3
3296,100000,2402.0748148956513,2403.846153125,19.648,3
3328,100000,2403.643499741462,2403.846153125,19.55,3
3360,100000,2402.5148359278724,2403.846153125,19.546,3
3392,100000,2401.4084973325735,2403.846153125,19.716,3
3424,100000,2402.938559884826,2403.846153125,19.574,3
3456,100000,2401.848396306256,2403.846153125,19.526,3
3488,100000,2403.346875697891,2403.846153125,19.622,3
3520,100000,2402.272451460971,2403.846153125,19.656,3
3552,100000,2403.740608803346,2403.846153125,19.453,3
3584,100000,2402.68150362374,2403.846153125,19.729,3
3616,100000,2401.6420519423123,2403.846153125,19.617,3
3648,100000,2403.076335159173,2403.846153125,19.829,3
3680,100000,2402.0511866132724,2403.846153125,19.605,3
3712,100000,2403.457674963747,2403.846153125,19.539,3
3744,100000,2402.446466126053,2403.846153125,19.845,3
3776,100000,2403.8262029567054,2403.846153125,19.769,3
3808,100000,2402.8285825600533,2403.846153125,19.573,3
3840,100000,2401.848396306256,2403.846153125,19.666,3
3872,100000,2403.1981826561387,2403.846153125,19.714,3
3904,100000,2402.2307344782243,2403.846153125,19.789,3
3936,100000,2403.5558714695067,2403.846153125,19.653,3
3968,100000,2402.6008550770284,2403.846153125,19.584,3
4000,100000,2401.6618594628026,2403.846153125,19.692,3
4032,100000,2402.959334509913,2403.846153125,19.589,3
4064,100000,2402.0320238594904,2403.846153125,19.482,3
4096,100000,2403.3067134867697,2403.846153125,19.45,3
4160,100000,2403.6434997414626,2403.846153125,19.799,3
4224,100000,2401.848396306256,2403.846153125,19.764,3
4288,100000,2402.196490276735,2403.846153125,19.639,3
4352,100000,2402.5344426919473,2403.846153125,19.492,3
4416,100000,2402.862690392534,2403.846153125,19.434,3
4480,100000,2403.1816454854434,2403.846153125,19.838,3
4544,100000,2403.4916970700124,2403.846153125,19.597,3
4608,100000,2403.7932128214834,2403.846153125,19.448,3
4672,100000,2402.167876007813,2403.846153125,19.847,3
4736,100000,2402.478802709486,2403.846153125,19.712,3
4800,100000,2402.78151534134,2403.846153125,19.523,3
4864,100000,2403.076335159173,2403.846153125,19.696,3
4928,100000,2403.3635668817706,2403.846153125,19.954,3
4992,100000,2403.6434997414626,2403.846153125,19.673,3
5056,100000,2402.1436087443467,2403.846153125,19.766,3
5120,100000,2402.431510750613,2403.846153125,19.4,3
5184,100000,2402.712370549532,2403.846153125,19.846,3
5248,100000,2402.98644340235,2403.846153125,19.746,3
5312,100000,2403.253972380873,2403.846153125,19.515,3
5376,100000,2403.5151890864827,2403.846153125,19.615,3
5440,100000,2403.770314318847,2403.846153125,19.678,3
5504,100000,2402.3908191599835,2403.846153125,19.672,3
5568,100000,2402.6527661643627,2403.846153125,19.564,3
5632,100000,2402.908815024272,2403.846153125,19.532,3
5696,100000,2403.1591627307844,2403.846153125,19.706,3
5760,100000,2403.4039975992005,2403.846153125,19.753,3
5824,100000,2403.6434997414626,2403.846153125,19.577,3
5888,100000,2402.355436288588,2403.846153125,19.711,3
5952,100000,2402.6008550770284,2403.846153125,19.699,3
6016,100000,2402.841100747796,2403.846153125,19.633,3
6080,100000,2403.076335159173,2403.846153125,19.62,3
6144,100000,2403.3067134867697,2403.846153125,19.661,3
6208,100000,2403.532384564884,2403.846153125,19.678,3
6272,100000,2403.7534912071533,2403.846153125,19.819,3
6336,100000,2402.555238094457,2403.846153125,19.655,3
6400,100000,2402.78151534134,2403.846153125,19.512,3
6464,100000,2403.003353219271,2403.846153125,19.766,3
6528,100000,2403.220881104145,2403.846153125,19.655,3
6592,100000,2403.434223393045,2403.846153125,19.674,3
6656,100000,2403.643499741462,2403.846153125,19.688,3
6720,100000,2402.5148359278724,2403.846153125,19.68,3
6784,100000,2402.7286779248398,2403.846153125,19.772,3
6848,100000,2402.938559884826,2403.846153125,19.708,3
6912,100000,2403.1445907996754,2403.846153125,19.539,3
6976,100000,2403.346875697891,2403.846153125,19.662,3
7040,100000,2403.5455158231657,2403.846153125,19.596,3
7104,100000,2403.740608803346,2403.846153125,19.621,3
7168,100000,2402.68150362374,2403.846153125,19.536,3
7232,100000,2402.8806502156194,2403.846153125,19.615,3
7296,100000,2403.076335159173,2403.846153125,19.753,3
7360,100000,2403.2686479344147,2403.846153125,19.67,3
7424,100000,2403.457674963747,2403.846153125,19.404,3
7488,100000,2403.643499741462,2403.846153125,19.821,3
7552,100000,2403.8262029567054,2403.846153125,19.71,3
7616,100000,2402.8285825600533,2403.846153125,19.562,3
7680,100000,2403.0149083977108,2403.846153125,19.549,3
7744,100000,2403.1981826561387,2403.846153125,19.8,3
7808,100000,2403.3784796929776,2403.846153125,19.682,3
7872,100000,2403.5558714695067,2403.846153125,19.572,3
7936,100000,2403.7304276464115,2403.846153125,19.487,3
8000,100000,2402.78151534134,2403.846153125,19.742,3
8064,100000,2402.959334509913,2403.846153125,19.806,3
8128,100000,2403.1343790792516,2403.846153125,19.508,3
8192,100000,2403.3067134867697,2403.846153125,19.539,3
8320,100000,2403.6434997414626,2403.846153125,19.712,3
8448,100000,2402.908815024272,2403.846153125,19.67,3
8576,100000,2403.2413778323144,2403.846153125,19.601,3
8704,100000,2403.564247425206,2403.846153125,19.483,3
8832,100000,2402.862690392534,2403.846153125,19.681,3
8960,100000,2403.1816454854434,2403.846153125,19.77,3
9088,100000,2403.4916970700124,2403.846153125,19.591,3
9216,100000,2403.7932128214834,2403.846153125,19.74,3
9344,100000,2403.1268252597124,2403.846153125,19.803,3
9472,100000,2403.4250330374534,2403.846153125,19.804,3
9600,100000,2403.7153596924245,2403.846153125,19.555,3
9728,100000,2403.076335159173,2403.846153125,19.511,3
9856,100000,2403.3635668817706,2403.846153125,19.826,3
9984,100000,2403.6434997414626,2403.846153125,19.793,3
10112,100000,2403.0296816358054,2403.846153125,19.537,3
10240,100000,2403.3067134867697,2403.846153125,19.617,3
10368,100000,2403.576966580676,2403.846153125,19.753,3
10496,100000,2403.840686716748,2403.846153125,19.638,3
10624,100000,2403.253972380873,2403.846153125,19.646,3
10752,100000,2403.5151890864827,2403.846153125,19.727,3
10880,100000,2403.770314318847,2403.846153125,19.85,3
11008,100000,2403.204912965188,2403.846153125,19.831,3
11136,100000,2403.4576749637476,2403.846153125,19.617,3
11264,100000,2403.704743747367,2403.846153125,19.454,3
11392,100000,2403.1591627307844,2403.846153125,19.564,3
11520,100000,2403.4039975992005,2403.846153125,19.703,3
11648,100000,2403.6434997414626,2403.846153125,19.593,3
11776,100000,2403.1163977825026,2403.846153125,19.478,3
11904,100000,2403.353785460945,2403.846153125,19.674,3
12032,100000,2403.58616775578,2403.846153125,19.623,3
12160,100000,2403.8137013252235,2403.846153125,19.592,3
12288,100000,2403.3067134867697,2403.846153125,19.746,3
12416,100000,2403.532384564884,2403.846153125,19.552,3
12544,100000,2403.7534912071533,2403.846153125,19.725,3
12672,100000,2403.2624960391418,2403.846153125,19.654,3
12800,100000,2403.4818305600343,2403.846153125,19.611,3
12928,100000,2403.6968606805176,2403.846153125,19.684,3
13056,100000,2403.220881104145,2403.846153125,19.56,3
13184,100000,2403.434223393045,2403.846153125,19.548,3
13312,100000,2403.643499741462,2403.846153125,19.66,3
13440,100000,2403.181645485443,2403.846153125,19.606,3
13568,100000,2403.389312700184,2403.846153125,19.7,3
13696,100000,2403.5931331781753,2403.846153125,19.564,3
13824,100000,2403.7932128214834,2403.846153125,19.465,3
13952,100000,2403.346875697891,2403.846153125,19.662,3
14080,100000,2403.5455158231657,2403.846153125,19.678,3
14208,100000,2403.740608803346,2403.846153125,19.444,3
14336,100000,2403.3067134867697,2403.846153125,19.494,3
14464,100000,2403.500428562335,2403.846153125,19.762,3
14592,100000,2403.690775541469,2403.846153125,19.774,3
14720,100000,2403.2686479344147,2403.846153125,19.583,3
14848,100000,2403.457674963747,2403.846153125,19.734,3
14976,100000,2403.643499741462,2403.846153125,19.91,3
15104,100000,2403.8262029567054,2403.846153125,19.691,3
15232,100000,2403.417078416669,2403.846153125,19.518,3
15360,100000,2403.5985894539162,2403.846153125,19.787,3
15488,100000,2403.7771270509006,2403.846153125,19.727,3
15616,100000,2403.3784796929776,2403.846153125,19.598,3
15744,100000,2403.5558714695067,2403.846153125,19.609,3
15872,100000,2403.7304276464115,2403.846153125,19.575,3
16000,100000,2403.341734859955,2403.846153125,19.765,3
16128,100000,2403.515189086482,2403.846153125,19.755,3
16256,100000,2403.685936200913,2403.846153125,19.657,3
16384,100000,2403.3067134867697,2403.846153125,19.804,3
16640,100000,2403.6434997414626,2403.846153125,19.981,3
16896,100000,2403.4393755928354,2403.846153125,19.81,3
17152,100000,2403.7641625566635,2403.846153125,19.651,3
17408,100000,2403.564247425206,2403.846153125,19.601,3
17664,100000,2403.370158753757,2403.846153125,19.693,3
17920,100000,2403.6819956094255,2403.846153125,19.671,3
18176,100000,2403.4916970700124,2403.846153125,19.573,3
18432,100000,2403.7932128214834,2403.846153125,19.468,3
18688,100000,2403.6065870535353,2403.846153125,19.623,3
18944,100000,2403.4250330374534,2403.846153125,19.684,3
19200,100000,2403.7153596924245,2403.846153125,19.517,3
19456,100000,2403.53713599046,2403.846153125,19.555,3
19712,100000,2403.8184908959447,2403.846153125,19.522,3
19968,100000,2403.6434997414626,2403.846153125,19.896,3
20224,100000,2403.472963259424,2403.846153125,19.551,3
20480,100000,2403.7445540248436,2403.846153125,19.533,3
20736,100000,2403.576966580676,2403.846153125,19.588,3
20992,100000,2403.840686716748,2403.846153125,19.599,3
21248,100000,2403.675966054689,2403.846153125,19.525,3
21504,100000,2403.5151890864827,2403.846153125,19.422,3
21760,100000,2403.770314318847,2403.846153125,19.738,3
22016,100000,2403.612166805718,2403.846153125,19.775,3
22272,100000,2403.4576749637476,2403.846153125,19.629,3
22528,100000,2403.704743747367,2403.846153125,19.538,3
22784,100000,2403.552671681616,2403.846153125,19.61,3
23040,100000,2403.7932128214834,2403.846153125,19.734,3
23296,100000,2403.6434997414626,2403.846153125,19.735,3
23552,100000,2403.4970593376715,2403.846153125,19.622,3
23808,100000,2403.730427646411,2403.846153125,19.701,3
24064,100000,2403.58616775578,2403.846153125,19.582,3
24320,100000,2403.8137013252235,2403.846153125,19.557,3
24576,100000,2403.671569523431,2403.846153125,19.487,3
24832,100000,2403.532384564884,2403.846153125,19.605,3
25088,100000,2403.7534912071533,2403.846153125,19.646,3
25344,100000,2403.616281185033,2403.846153125,19.633,3
25600,100000,2403.832141277213,2403.846153125,19.48,3
25856,100000,2403.6968606805176,2403.846153125,19.666,3
26112,100000,2403.564247425206,2403.846153125,19.816,3
26368,100000,2403.7743159674606,2403.846153125,19.726,3
26624,100000,2403.643499741462,2403.846153125,19.562,3
26880,100000,2403.515189086482,2403.846153125,19.75,3
27136,100000,2403.7197663386683,2403.846153125,19.701,3
27392,100000,2403.5931331781753,2403.846153125,19.591,3
27648,100000,2403.7932128214834,2403.846153125,19.661,3
27904,100000,2403.668221716837,2403.846153125,19.738,3
28160,100000,2403.5455158231657,2403.846153125,19.819,3
28416,100000,2403.740608803346,2403.846153125,19.74,3
28672,100000,2403.619440450138,2403.846153125,19.48,3
28928,100000,2403.8104376463743,2403.846153125,19.612,3
29184,100000,2403.690775541469,2403.846153125,19.656,3
29440,100000,2403.5732061206945,2403.846153125,19.537,3
29696,100000,2403.759654819881,2403.846153125,19.679,3
29952,100000,2403.643499741462,2403.846153125,19.689,3
30208,100000,2403.8262029567054,2403.846153125,19.685,3
30464,100000,2403.7114344581164,2403.846153125,19.578,3
30720,100000,2403.5985894539162,2403.846153125,19.524,3
30976,100000,2403.7771270509006,2403.846153125,19.702,3
31232,100000,2403.665587383778,2403.846153125,19.658,3
31488,100000,2403.840686716748,2403.846153125,19.753,3
31744,100000,2403.7304276464115,2403.846153125,19.464,3
32000,100000,2403.621942593995,2403.846153125,19.571,3
32256,100000,2403.7932128214834,2403.846153125,19.693,3
32512,100000,2403.685936200913,2403.846153125,19.571,3
32768,100000,2403.580345128975,2403.846153125,19.385,3
33280,100000,2403.6434997414626,2403.846153125,19.732,3
33792,100000,2403.704743747367,2403.846153125,19.625,3
34304,100000,2403.7641625566635,2403.846153125,19.546,3
34816,100000,2403.821836563286,2403.846153125,19.596,3
35328,100000,2403.623973323274,2403.846153125,19.759,3
35840,100000,2403.6819956094255,2403.846153125,19.816,3
36352,100000,2403.7383861490507,2403.846153125,19.592,3
36864,100000,2403.7932128214834,2403.846153125,19.636,3
37376,100000,2403.6065870535353,2403.846153125,19.62,3
37888,100000,2403.661707092898,2403.846153125,19.792,3
38400,100000,2403.7153596924245,2403.846153125,19.534,3
38912,100000,2403.767602682951,2403.846153125,19.518,3
39424,100000,2403.8184908959447,2403.846153125,19.673,3
39936,100000,2403.6434997414626,2403.846153125,19.971,3
40448,100000,2403.694665405283,2403.846153125,19.655,3
40960,100000,2403.7445540248436,2403.846153125,19.463,3
41472,100000,2403.793212821484,2403.846153125,19.718,3
41984,100000,2403.840686716748,2403.846153125,19.72,3
42496,100000,2403.675966054689,2403.846153125,19.647,3
43008,100000,2403.7237008578963,2403.846153125,19.755,3
43520,100000,2403.770314318847,2403.846153125,19.774,3
44032,100000,2403.8158454911522,2403.846153125,19.595,3
44544,100000,2403.6589864366483,2403.846153125,19.523,3
45056,100000,2403.704743747367,2403.846153125,19.63,3
45568,100000,2403.7494744877804,2403.846153125,19.893,3
46080,100000,2403.7932128214834,2403.846153125,19.805,3
46592,100000,2403.83599141278,2403.846153125,19.618,3
47104,100000,2403.6874353423714,2403.846153125,19.483,3
47616,100000,2403.730427646411,2403.846153125,19.849,3
48128,100000,2403.772506709788,2403.846153125,19.693,3
48640,100000,2403.8137013252235,2403.846153125,19.572,3
49152,100000,2403.671569523431,2403.846153125,19.55,3
49664,100000,2403.7129519440864,2403.846153125,19.67,3
50176,100000,2403.7534912071533,2403.846153125,19.665,3
50688,100000,2403.793212821484,2403.846153125,19.691,3
51200,100000,2403.832141277213,2403.846153125,19.537,3
51712,100000,2403.6968606805176,2403.846153125,19.739,3
52224,100000,2403.73596738287,2403.846153125,19.72,3
52736,100000,2403.7743159674606,2403.846153125,19.682,3
53248,100000,2403.8119282678263,2403.846153125,19.669,3
53760,100000,2403.681995609425,2403.846153125,19.805,3
54272,100000,2403.7197663386683,2403.846153125,19.818,3
54784,100000,2403.7568322269512,2403.846153125,19.57,3
55296,100000,2403.7932128214834,2403.846153125,19.662,3
55808,100000,2403.8289269532956,2403.846153125,19.82,3
56320,100000,2403.704743747367,2403.846153125,19.686,3
56832,100000,2403.740608803346,2403.846153125,19.64,3
57344,100000,2403.775834453681,2403.846153125,19.516,3
57856,100000,2403.8104376463743,2403.846153125,19.798,3
58368,100000,2403.844434735712,2403.846153125,19.609,3
58880,100000,2403.7255141623978,2403.846153125,19.571,3
59392,100000,2403.759654819881,2403.846153125,19.765,3
59904,100000,2403.7932128214834,2403.846153125,19.763,3
60416,100000,2403.8262029567054,2403.846153125,19.79,3
60928,100000,2403.7114344581164,2403.846153125,19.71,3
61440,100000,2403.744554024843,2403.846153125,19.528,3
61952,100000,2403.7771270509006,2403.846153125,19.783,3
62464,100000,2403.8091669541373,2403.846153125,19.803,3
62976,100000,2403.840686716748,2403.846153125,19.599,3
63488,100000,2403.7304276464115,2403.846153125,19.46,3
64000,100000,2403.762070964694,2403.846153125,19.822,3
64512,100000,2403.7932128214834,2403.846153125,19.772,3
65024,100000,2403.823865043296,2403.846153125,19.494,3
65536,100000,2403.717184317425,2403.846153125,19.58,3
66560,100000,2403.778240674236,2403.846153125,19.751,3
67584,100000,2403.8374498006847,2403.846153125,19.68,3
68608,100000,2403.7641625566635,2403.846153125,19.578,3
69632,100000,2403.821836563286,2403.846153125,19.65,3
70656,100000,2403.7509007126873,2403.846153125,19.738,3
71680,100000,2403.807115696647,2403.846153125,19.84,3
72704,100000,2403.7383861490507,2403.846153125,19.642,3
73728,100000,2403.7932128214834,2403.846153125,19.593,3
74752,100000,2403.7265574347207,2403.846153125,19.664,3
75776,100000,2403.7800616011004,2403.846153125,19.768,3
76800,100000,2403.832141277213,2403.846153125,19.596,3
77824,100000,2403.767602682951,2403.846153125,19.685,3
78848,100000,2403.8184908959447,2403.846153125,19.622,3
79872,100000,2403.755782803066,2403.846153125,19.76,3
80896,100000,2403.8055318166757,2403.846153125,19.616,3
81920,100000,2403.7445540248436,2403.846153125,19.699,3
82944,100000,2403.793212821484,2403.846153125,19.682,3
83968,100000,2403.840686716748,2403.846153125,19.445,3
84992,100000,2403.7814876300895,2403.846153125,19.64,3
86016,100000,2403.827970310933,2403.846153125,19.5,3
87040,100000,2403.770314318847,2403.846153125,19.763,3
88064,100000,2403.8158454911522,2403.846153125,19.649,3
89088,100000,2403.759654819881,2403.846153125,19.729,3
90112,100000,2403.804271913644,2403.846153125,19.449,3
91136,100000,2403.7494744877804,2403.846153125,19.688,3
92160,100000,2403.7932128214834,2403.846153125,19.716,3
93184,100000,2403.83599141278,2403.846153125,19.607,3
94208,100000,2403.7826346546353,2403.846153125,19.75,3
95232,100000,2403.8246066389925,2403.846153125,19.685,3
96256,100000,2403.772506709788,2403.846153125,19.86,3
97280,100000,2403.8137013252235,2403.846153125,19.651,3
98304,100000,2403.762800842728,2403.846153125,19.703,3
99328,100000,2403.803245808026,2403.846153125,19.556,3
100352,100000,2403.8428666855402,2403.846153125,19.819,3
101376,100000,2403.793212821484,2403.846153125,19.599,3
102400,100000,2403.832141277213,2403.846153125,19.628,3
103424,100000,2403.783577259784,2403.846153125,19.937,3
104448,100000,2403.821836563286,2403.846153125,19.875,3
105472,100000,2403.7743159674606,2403.846153125,19.67,3
106496,100000,2403.8119282678263,2403.846153125,19.484,3
107520,100000,2403.765407553611,2403.846153125,19.626,3
108544,100000,2403.802393947425,2403.846153125,19.836,3
109568,100000,2403.8386901132862,2403.846153125,19.718,3
110592,100000,2403.7932128214834,2403.846153125,19.753,3
111616,100000,2403.8289269532956,2403.846153125,19.706,3
112640,100000,2403.7843656210216,2403.846153125,19.67,3
113664,100000,2403.819515693961,2403.846153125,19.618,3
114688,100000,2403.775834453681,2403.846153125,19.591,3
115712,100000,2403.8104376463743,2403.846153125,19.756,3
116736,100000,2403.844434735712,2403.846153125,19.812,3
117760,100000,2403.8016754219957,2403.846153125,19.57,3
118784,100000,2403.835161641141,2403.846153125,19.85,3
119808,100000,2403.7932128214834,2403.846153125,19.635,3
120832,100000,2403.8262029567054,2403.846153125,19.803,3
121856,100000,2403.785034734746,2403.846153125,19.605,3
122880,100000,2403.817542958558,2403.846153125,19.664,3
123904,100000,2403.7771270509006,2403.846153125,19.845,3
124928,100000,2403.8091669541373,2403.846153125,19.853,3
125952,100000,2403.840686716748,2403.846153125,19.664,3
126976,100000,2403.8010611989853,2403.846153125,19.427,3
128000,100000,2403.832141277213,2403.846153125,19.653,3
129024,100000,2403.7932128214834,2403.846153125,19.701,3
130048,100000,2403.823865043296,2403.846153125,19.535,3
131072,100000,2403.785609754651,2403.846153125,19.478,3
133120,100000,2403.845616805656,2403.846153125,19.837,3
135168,100000,2403.8374498006847,2403.846153125,19.624,3
137216,100000,2403.8295266399414,2403.846153125,19.554,3
139264,100000,2403.821836563286,2403.846153125,19.629,3
141312,100000,2403.814369434487,2403.846153125,19.714,3
143360,100000,2403.807115696647,2403.846153125,19.699,3
145408,100000,2403.800066331395,2403.846153125,19.54,3
147456,100000,2403.7932128214834,2403.846153125,19.474,3
149504,100000,2403.7865471164555,2403.846153125,19.842,3
151552,100000,2403.8392432260757,2403.846153125,19.657,3
153600,100000,2403.832141277213,2403.846153125,19.551,3
155648,100000,2403.825226262063,2403.846153125,19.625,3
157696,100000,2403.8184908959447,2403.846153125,19.613,3
159744,100000,2403.8119282678263,2403.846153125,19.723,3
161792,100000,2403.8055318166757,2403.846153125,19.577,3
163840,100000,2403.799295309579,2403.846153125,19.646,3
165888,100000,2403.793212821484,2403.846153125,19.64,3
167936,100000,2403.840686716748,2403.846153125,19.609,3
169984,100000,2403.834251892171,2403.846153125,19.599,3
172032,100000,2403.827970310933,2403.846153125,19.888,3
174080,100000,2403.821836563286,2403.846153125,19.632,3
176128,100000,2403.8158454911522,2403.846153125,19.731,3
178176,100000,2403.8099921736557,2403.846153125,19.687,3
180224,100000,2403.804271913644,2403.846153125,19.565,3
182272,100000,2403.798680225114,2403.846153125,19.666,3
184320,100000,2403.8418735881555,2403.846153125,19.778,3
186368,100000,2403.83599141278,2403.846153125,19.557,3
188416,100000,2403.830237138637,2403.846153125,19.621,3
190464,100000,2403.8246066389925,2403.846153125,19.712,3
192512,100000,2403.819095962753,2403.846153125,19.777,3
194560,100000,2403.8137013252235,2403.846153125,19.547,3
196608,100000,2403.8084190994387,2403.846153125,19.546,3
198656,100000,2403.803245808026,2403.846153125,19.685,3
200704,100000,2403.8428666855402,2403.846153125,19.717,3
202752,100000,2403.837449800685,2403.846153125,19.596,3
204800,100000,2403.832141277213,2403.846153125,19.594,3
206848,100000,2403.8269378957716,2403.846153125,19.628,3
208896,100000,2403.821836563286,2403.846153125,19.74,3
210944,100000,2403.816834306825,2403.846153125,19.614,3
212992,100000,2403.8119282678263,2403.846153125,19.632,3
215040,100000,2403.8071156966466,2403.846153125,19.569,3
217088,100000,2403.8437098820764,2403.846153125,19.782,3
219136,100000,2403.8386901132862,2403.846153125,19.527,3
221184,100000,2403.833763323564,2403.846153125,19.708,3
223232,100000,2403.8289269532956,2403.846153125,19.759,3
225280,100000,2403.824178535966,2403.846153125,19.724,3
227328,100000,2403.819515693961,2403.846153125,19.606,3
229376,100000,2403.814936134599,2403.846153125,19.473,3
231424,100000,2403.8104376463743,2403.846153125,19.566,3
233472,100000,2403.844434735712,2403.846153125,19.646,3
235520,100000,2403.8397578616814,2403.846153125,19.548,3
237568,100000,2403.835161641141,2403.846153125,19.549,3
239616,100000,2403.830644005601,2403.846153125,19.787,3
241664,100000,2403.8262029567054,2403.846153125,19.624,3
243712,100000,2403.821836563286,2403.846153125,19.777,3
245760,100000,2403.817542958558,2403.846153125,19.417,3
247808,100000,2403.813320337463,2403.846153125,19.775,3
249856,100000,2403.845064526931,2403.846153125,19.832,3
251904,100000,2403.840686716748,2403.846153125,19.532,3
253952,100000,2403.8363795319688,2403.846153125,19.528,3
256000,100000,2403.832141277213,2403.846153125,19.699,3
258048,100000,2403.827970310933,2403.846153125,19.767,3
260096,100000,2403.823865043296,2403.846153125,19.733,3
262144,100000,2403.81982393416,2403.846153125,19.559,3
266240,100000,2403.845616805656,2403.846153125,19.8,3
270336,100000,2403.8374498006847,2403.846153125,19.9,3
274432,100000,2403.8295266399414,2403.846153125,19.667,3
278528,100000,2403.821836563286,2403.846153125,19.658,3
282624,100000,2403.846105052276,2403.846153125,19.789,3
286720,100000,2403.8383977537724,2403.846153125,19.835,3
290816,100000,2403.830907609623,2403.846153125,19.709,3
294912,100000,2403.823625569783,2403.846153125,19.455,3
299008,100000,2403.816543080207,2403.846153125,19.568,3
303104,100000,2403.8392432260757,2403.846153125,19.715,3
307200,100000,2403.832141277213,2403.846153125,19.566,3
311296,100000,2403.825226262063,2403.846153125,19.686,3
315392,100000,2403.8184908959447,2403.846153125,19.687,3
319488,100000,2403.8400019837773,2403.846153125,19.715,3
323584,100000,2403.8332500175197,2403.846153125,19.606,3
327680,100000,2403.8266668869387,2403.846153125,19.271,3
331776,100000,2403.8202463375246,2403.846153125,19.685,3
335872,100000,2403.840686716748,2403.846153125,19.575,3
339968,100000,2403.834251892171,2403.846153125,19.553,3
344064,100000,2403.827970310933,2403.846153125,19.39,3
348160,100000,2403.821836563286,2403.846153125,19.824,3
352256,100000,2403.841307753966,2403.846153125,19.819,3
356352,100000,2403.835161641141,2403.846153125,19.51,3
360448,100000,2403.8291552430633,2403.846153125,19.515,3
364544,100000,2403.823283849235,2403.846153125,19.734,3
368640,100000,2403.8418735881555,2403.846153125,19.752,3
372736,100000,2403.83599141278,2403.846153125,19.556,3
376832,100000,2403.830237138637,2403.846153125,19.48,3
380928,100000,2403.8246066389925,2403.846153125,19.717,3
385024,100000,2403.8423912664766,2403.846153125,19.619,3
389120,100000,2403.836751309415,2403.846153125,19.497,3
393216,100000,2403.831228877102,2403.846153125,19.506,3
397312,100000,2403.8258203339674,2403.846153125,19.729,3
401408,100000,2403.8428666855402,2403.846153125,19.7,3
405504,100000,2403.837449800685,2403.846153125,19.653,3
409600,100000,2403.832141277213,2403.846153125,19.608,3
413696,100000,2403.8269378957716,2403.846153125,19.697,3
417792,100000,2403.8433048169995,2403.846153125,19.761,3
421888,100000,2403.8380940405655,2403.846153125,19.668,3
425984,100000,2403.8329834933143,2403.846153125,19.562,3
430080,100000,2403.827970310933,2403.846153125,19.754,3
434176,100000,2403.8437098820764,2403.846153125,19.71,3
438272,100000,2403.8386901132862,2403.846153125,19.521,3
442368,100000,2403.833763323564,2403.846153125,19.549,3
446464,100000,2403.8289269532956,2403.846153125,19.863,3
450560,100000,2403.844085487997,2403.846153125,19.762,3
454656,100000,2403.8392432260757,2403.846153125,19.582,3
458752,100000,2403.834487452106,2403.846153125,19.316,3
462848,100000,2403.829815869449,2403.846153125,19.788,3
466944,100000,2403.844434735712,2403.846153125,19.778,3
471040,100000,2403.8397578616814,2403.846153125,19.545,3
475136,100000,2403.835161641141,2403.846153125,19.46,3
479232,100000,2403.830644005601,2403.846153125,19.677,3
483328,100000,2403.8447603057075,2403.846153125,19.659,3
487424,100000,2403.8402379001345,2403.846153125,19.604,3
491520,100000,2403.8357908845815,2403.846153125,19.511,3
495616,100000,2403.831417389465,2403.846153125,19.581,3
499712,100000,2403.845064526931,2403.846153125,19.761,3
503808,100000,2403.840686716748,2403.846153125,19.543,3
507904,100000,2403.8363795319688,2403.846153125,19.403,3
512000,100000,2403.832141277213,2403.846153125,19.837,3
516096,100000,2403.8453494325904,2403.846153125,19.704,3
520192,100000,2403.841107261601,2403.846153125,19.609,3
524288,100000,2403.8369313891567,2403.846153125,19.605,3
532480,100000,2403.845616805656,2403.846153125,19.819,3
540672,100000,2403.8374498006847,2403.846153125,19.888,3
548864,100000,2403.845868216204,2403.846153125,19.616,3
557056,100000,2403.8379377176216,2403.846153125,19.536,3
565248,100000,2403.846105052276,2403.846153125,19.675,3
573440,100000,2403.8383977537724,2403.846153125,19.865,3
581632,100000,2403.830907609623,2403.846153125,19.635,3
589824,100000,2403.8388322325204,2403.846153125,19.598,3
598016,100000,2403.8315413428154,2403.846153125,20.081,3
606208,100000,2403.8392432260757,2403.846153125,19.864,3
614400,100000,2403.832141277213,2403.846153125,19.643,3
622592,100000,2403.83963258852,2403.846153125,19.572,3
630784,100000,2403.8327100464635,2403.846153125,19.847,3
638976,100000,2403.8400019837773,2403.846153125,19.695,3
647168,100000,2403.8332500175197,2403.846153125,19.567,3
655360,100000,2403.840352909376,2403.846153125,19.701,3
663552,100000,2403.833763323564,2403.846153125,19.726,3
671744,100000,2403.840686716748,2403.846153125,19.657,3
679936,100000,2403.834251892171,2403.846153125,19.507,3
688128,100000,2403.8410046286176,2403.846153125,19.761,3
696320,100000,2403.834717469499,2403.846153125,19.724,3
704512,100000,2403.841307753966,2403.846153125,19.857,3
712704,100000,2403.835161641141,2403.846153125,19.77,3
720896,100000,2403.8415971009613,2403.846153125,19.578,3
729088,100000,2403.8355858501654,2403.846153125,19.591,3
737280,100000,2403.8418735881555,2403.846153125,19.921,3
745472,100000,2403.83599141278,2403.846153125,19.779,3
753664,100000,2403.8421380542263,2403.846153125,19.498,3
761856,100000,2403.8363795319688,2403.846153125,19.791,3
770048,100000,2403.8423912664766,2403.846153125,19.666,3
778240,100000,2403.836751309415,2403.846153125,19.694,3
786432,100000,2403.842633928267,2403.846153125,19.547,3
794624,100000,2403.8371077559395,2403.846153125,19.834,3
802816,100000,2403.8428666855402,2403.846153125,19.673,3
811008,100000,2403.837449800685,2403.846153125,19.72,3
819200,100000,2403.843090132564,2403.846153125,19.648,3
827392,100000,2403.837778299195,2403.846153125,19.806,3
835584,100000,2403.8433048169995,2403.846153125,19.843,3
843776,100000,2403.8380940405655,2403.846153125,19.595,3
851968,100000,2403.843511244377,2403.846153125,19.624,3
860160,100000,2403.838397753772,2403.846153125,19.762,3
868352,100000,2403.8437098820764,2403.846153125,19.685,3
876544,100000,2403.8386901132862,2403.846153125,19.566,3
884736,100000,2403.8439011628543,2403.846153125,19.448,3
892928,100000,2403.838971744078,2403.846153125,19.88,3
901120,100000,2403.844085487997,2403.846153125,19.747,3
909312,100000,2403.8392432260757,2403.846153125,19.583,3
917504,100000,2403.8442632301244,2403.846153125,19.603,3
925696,100000,2403.8395050981485,2403.846153125,19.859,3
933888,100000,2403.844434735712,2403.846153125,19.803,3
942080,100000,2403.8397578616814,2403.846153125,19.706,3
950272,100000,2403.8446003273366,2403.846153125,19.537,3
958464,100000,2403.840001983777,2403.846153125,19.799,3
966656,100000,2403.8447603057075,2403.846153125,19.8,3
974848,100000,2403.8402379001345,2403.846153125,19.565,3
983040,100000,2403.8449149514863,2403.846153125,19.603,3
991232,100000,2403.840466017649,2403.846153125,19.546,3
999424,100000,2403.845064526931,2403.846153125,19.712,3
1007616,100000,2403.840686716748,2403.846153125,19.608,3
1015808,100000,2403.8452092773787,2403.846153125,19.501,3
1024000,100000,2403.840900353515,2403.846153125,19.653,3
1032192,100000,2403.8453494325904,2403.846153125,19.836,3
1040384,100000,2403.841107261601,2403.846153125,19.55,3
1048576,100000,2403.8454852079676,2403.846153125,19.58,3
1064960,100000,2403.845616805656,2403.846153125,19.897,3
1081344,100000,2403.8457444155483,2403.846153125,19.839,3
1097728,100000,2403.845868216204,2403.846153125,19.61,3
1114112,100000,2403.845988375676,2403.846153125,19.507,3
1130496,100000,2403.846105052276,2403.846153125,19.767,3
1146880,100000,2403.8383977537724,2403.846153125,19.724,3
1163264,100000,2403.8386180528364,2403.846153125,19.588,3
1179648,100000,2403.8388322325204,2403.846153125,19.402,3
1196032,100000,2403.8390405443047,2403.846153125,19.822,3
1212416,100000,2403.8392432260757,2403.846153125,19.707,3
1228800,100000,2403.839440503032,2403.846153125,19.632,3
1245184,100000,2403.83963258852,2403.846153125,19.755,3
1261568,100000,2403.8398196848048,2403.846153125,19.789,3
1277952,100000,2403.8400019837773,2403.846153125,19.61,3
1294336,100000,2403.840179667612,2403.846153125,19.592,3
1310720,100000,2403.840352909376,2403.846153125,19.497,3
1327104,100000,2403.84052187359,2403.846153125,19.719,3
1343488,100000,2403.840686716748,2403.846153125,19.777,3
1359872,100000,2403.8408475878036,2403.846153125,19.659,3
1376256,100000,2403.8410046286176,2403.846153125,19.524,3
1392640,100000,2403.8411579743724,2403.846153125,19.787,3
1409024,100000,2403.841307753966,2403.846153125,19.714,3
1425408,100000,2403.841454090369,2403.846153125,19.625,3
1441792,100000,2403.8415971009613,2403.846153125,19.559,3
1458176,100000,2403.8417368978494,2403.846153125,19.733,3
1474560,100000,2403.8418735881555,2403.846153125,19.627,3
1490944,100000,2403.8420072742942,2403.846153125,19.572,3
1507328,100000,2403.8421380542263,2403.846153125,19.663,3
1523712,100000,2403.842266021701,2403.846153125,19.713,3
1540096,100000,2403.8423912664766,2403.846153125,19.872,3
1556480,100000,2403.8425138745324,2403.846153125,19.604,3
1572864,100000,2403.842633928267,2403.846153125,19.552,3
1589248,100000,2403.8427515066774,2403.846153125,19.738,3
1605632,100000,2403.8428666855402,2403.846153125,19.727,3
1622016,100000,2403.8429795375673,2403.846153125,19.643,3
1638400,100000,2403.843090132564,2403.846153125,19.722,3
1654784,100000,2403.8431985375714,2403.846153125,19.862,3
1671168,100000,2403.8433048169995,2403.846153125,19.767,3
1687552,100000,2403.8434090327582,2403.846153125,19.633,3
1703936,100000,2403.843511244377,2403.846153125,19.723,3
1720320,100000,2403.8436115091163,2403.846153125,19.699,3
1736704,100000,2403.8437098820764,2403.846153125,19.819,3
1753088,100000,2403.843806416297,2403.846153125,19.683,3
1769472,100000,2403.8439011628543,2403.846153125,19.487,3
1785856,100000,2403.84399417095,2403.846153125,19.787,3
1802240,100000,2403.844085487997,2403.846153125,19.719,3
1818624,100000,2403.8441751596974,2403.846153125,19.634,3
1835008,100000,2403.8442632301244,2403.846153125,19.561,3
1851392,100000,2403.8443497417898,2403.846153125,19.789,3
1867776,100000,2403.844434735712,2403.846153125,19.7,3
1884160,100000,2403.844518251485,2403.846153125,19.52,3
1900544,100000,2403.8446003273366,2403.846153125,19.61,3
1916928,100000,2403.8446810001874,2403.846153125,19.77,3
1933312,100000,2403.8447603057075,2403.846153125,19.789,3
1949696,100000,2403.8448382783663,2403.846153125,19.709,3
1966080,100000,2403.8449149514863,2403.846153125,19.776,3
1982464,100000,2403.8449903572864,2403.846153125,19.727,3
1998848,100000,2403.845064526931,2403.846153125,19.793,3
2015232,100000,2403.8451374905685,2403.846153125,19.544,3
2031616,100000,2403.8452092773787,2403.846153125,19.673,3
2048000,100000,2403.8452799156034,2403.846153125,19.872,3
2064384,100000,2403.8453494325904,2403.846153125,19.894,3
2080768,100000,2403.845417854826,2403.846153125,19.65,3
2097152,100000,2403.8454852079676,2403.846153125,19.594,3
2129920,100000,2403.845616805656,2403.846153125,19.76,3
2162688,100000,2403.8457444155483,2403.846153125,19.723,3
2195456,100000,2403.845868216204,2403.846153125,19.682,3
2228224,100000,2403.845988375676,2403.846153125,19.62,3
2260992,100000,2403.846105052276,2403.846153125,19.654,3
2293760,100000,2403.84230806816,2403.846153125,19.815,3
2326528,100000,2403.842473292992,2403.846153125,19.794,3
2359296,100000,2403.842633928267,2403.846153125,19.565,3
2392064,100000,2403.8427901625955,2403.846153125,19.656,3
2424832,100000,2403.842942174395,2403.846153125,19.768,3
2457600,100000,2403.8430901325646,2403.846153125,19.64,3
2490368,100000,2403.843234197115,2403.846153125,19.619,3
2523136,100000,2403.8433745197462,2403.846153125,19.835,3
2555904,100000,2403.8435112443776,2403.846153125,19.762,3
2588672,100000,2403.8436445076404,2403.846153125,19.827,3
2621440,100000,2403.8437744393354,2403.846153125,19.665,3
2654208,100000,2403.8439011628543,2403.846153125,19.921,3
2686976,100000,2403.8440247955687,2403.846153125,19.86,3
2719744,100000,2403.844145449193,2403.846153125,19.755,3
2752512,100000,2403.844263230125,2403.846153125,19.557,3
2785280,100000,2403.844378239751,2403.846153125,19.742,3
2818048,100000,2403.8444905747456,2403.846153125,19.753,3
2850816,100000,2403.8446003273366,2403.846153125,19.677,3
2883584,100000,2403.84470758556,2403.846153125,19.655,3
2916352,100000,2403.844812433496,2403.846153125,19.907,3
2949120,100000,2403.8449149514863,2403.846153125,19.644,3
2981888,100000,2403.8450152163427,2403.846153125,19.604,3
3014656,100000,2403.8451133015365,2403.846153125,19.648,3
3047424,100000,2403.845209277378,2403.846153125,19.795,3
3080192,100000,2403.845303211189,2403.846153125,19.729,3
3112960,100000,2403.8453951674524,2403.846153125,19.66,3
3145728,100000,2403.8454852079676,2403.846153125,19.724,3
3178496,100000,2403.8455733919836,2403.846153125,19.917,3
3211264,100000,2403.8456597763325,2403.846153125,19.891,3
3244032,100000,2403.845744415549,2403.846153125,19.766,3
3276800,100000,2403.8458273619863,2403.846153125,19.572,3
3309568,100000,2403.845908665926,2403.846153125,19.796,3
3342336,100000,2403.845988375676,2403.846153125,19.782,3
3375104,100000,2403.846066537669,2403.846153125,19.606,3
3407872,100000,2403.846143196551,2403.846153125,19.636,3
3440640,100000,2403.8436115091163,2403.846153125,19.865,3
3473408,100000,2403.8437098820764,2403.846153125,19.766,3
3506176,100000,2403.843806416297,2403.846153125,19.614,3
3538944,100000,2403.8439011628543,2403.846153125,19.659,3
3571712,100000,2403.84399417095,2403.846153125,19.772,3
3604480,100000,2403.844085487997,2403.846153125,19.901,3
3637248,100000,2403.8441751596974,2403.846153125,19.622,3
3670016,100000,2403.8442632301244,2403.846153125,19.466,3
3702784,100000,2403.8443497417898,2403.846153125,19.782,3
3735552,100000,2403.844434735712,2403.846153125,19.761,3
3768320,100000,2403.844518251485,2403.846153125,19.66,3
3801088,100000,2403.8446003273366,2403.846153125,19.724,3
3833856,100000,2403.8446810001874,2403.846153125,19.878,3
3866624,100000,2403.8447603057075,2403.846153125,19.912,3
3899392,100000,2403.8448382783663,2403.846153125,19.778,3
3932160,100000,2403.8449149514863,2403.846153125,19.514,3
3964928,100000,2403.8449903572864,2403.846153125,19.992,3
3997696,100000,2403.845064526931,2403.846153125,19.701,3
4030464,100000,2403.8451374905685,2403.846153125,19.615,3
4063232,100000,2403.8452092773787,2403.846153125,19.586,3
4096000,100000,2403.8452799156034,2403.846153125,19.71,3
4128768,100000,2403.8453494325904,2403.846153125,19.69,3
4161536,100000,2403.845417854826,2403.846153125,19.753,3
4194304,100000,2403.8454852079676,2403.846153125,19.555,3
4259840,100000,2403.845616805656,2403.846153125,19.857,3
4325376,100000,2403.8457444155483,2403.846153125,19.738,3
4390912,100000,2403.845868216204,2403.846153125,19.696,3
4456448,100000,2403.845988375676,2403.846153125,19.523,3
4521984,100000,2403.846105052276,2403.846153125,19.822,3
4587520,100000,2403.844263230125,2403.846153125,19.885,3
4653056,100000,2403.844400917707,2403.846153125,19.744,3
4718592,100000,2403.844534780649,2403.846153125,19.432,3
4784128,100000,2403.8446649761277,2403.846153125,19.766,3
4849664,100000,2403.844791652823,2403.846153125,19.807,3
4915200,100000,2403.8449149514863,2403.846153125,19.575,3
4980736,100000,2403.84503500546,2403.846153125,19.524,3
5046272,100000,2403.8451519411597,2403.846153125,19.656,3
5111808,100000,2403.84526587852,2403.846153125,19.785,3
5177344,100000,2403.8453769314,2403.846153125,19.615,3
5242880,100000,2403.8454852079676,2403.846153125,19.696,3
5308416,100000,2403.8455908110495,2403.846153125,19.715,3
5373952,100000,2403.845693838455,2403.846153125,19.893,3
5439488,100000,2403.8457943832814,2403.846153125,19.616,3
5505024,100000,2403.8458925341915,2403.846153125,19.585,3
5570560,100000,2403.845988375676,2403.846153125,19.992,3
5636096,100000,2403.8460819882957,2403.846153125,19.849,3
5701632,100000,2403.8446003273366,2403.846153125,19.726,3
5767168,100000,2403.84470758556,2403.846153125,19.68,3
5832704,100000,2403.844812433496,2403.846153125,19.871,3
5898240,100000,2403.8449149514863,2403.846153125,19.807,3
5963776,100000,2403.8450152163427,2403.846153125,19.692,3
6029312,100000,2403.8451133015365,2403.846153125,19.722,3
6094848,100000,2403.845209277378,2403.846153125,19.903,3
6160384,100000,2403.845303211189,2403.846153125,19.699,3
6225920,100000,2403.8453951674524,2403.846153125,19.636,3
6291456,100000,2403.8454852079676,2403.846153125,19.616,3
6356992,100000,2403.8455733919836,2403.846153125,19.899,3
6422528,100000,2403.8456597763325,2403.846153125,19.883,3
6488064,100000,2403.845744415549,2403.846153125,19.762,3
6553600,100000,2403.8458273619863,2403.846153125,19.548,3
6619136,100000,2403.845908665926,2403.846153125,19.511,3
6684672,100000,2403.845988375676,2403.846153125,19.633,3
6750208,100000,2403.846066537669,2403.846153125,19.659,3
6815744,100000,2403.846143196551,2403.846153125,19.693,3
6881280,100000,2403.8449149514863,2403.846153125,20.163,3
6946816,100000,2403.845001027919,2403.846153125,19.846,3
7012352,100000,2403.8450854954526,2403.846153125,19.806,3
7077888,100000,2403.8451683987782,2403.846153125,19.749,3
7143424,100000,2403.845249780947,2403.846153125,19.968,3
7208960,100000,2403.8453296834464,2403.846153125,19.827,3
7274496,100000,2403.8454081462655,2403.846153125,19.713,3
7340032,100000,2403.8454852079676,2403.846153125,19.599,3
7405568,100000,2403.845560905751,2403.846153125,19.808,3
7471104,100000,2403.845635275508,2403.846153125,19.841,3
7536640,100000,2403.845708351882,2403.846153125,19.778,3
7602176,100000,2403.8457801683226,2403.846153125,20.007,3
7667712,100000,2403.8458507571368,2403.846153125,19.936,3
7733248,100000,2403.8459201495334,2403.846153125,19.862,3
7798784,100000,2403.845988375676,2403.846153125,19.704,3
7864320,100000,2403.8460554647195,2403.846153125,19.654,3
7929856,100000,2403.846121444857,2403.846153125,19.797,3
7995392,100000,2403.845064526931,2403.846153125,19.811,3
8060928,100000,2403.8451374905685,2403.846153125,19.659,3
8126464,100000,2403.8452092773787,2403.846153125,19.766,3
8192000,100000,2403.8452799156034,2403.846153125,19.869,3
8257536,100000,2403.8453494325904,2403.846153125,19.832,3
8323072,100000,2403.845417854826,2403.846153125,19.695,3
8388608,100000,2403.8454852079676,2403.846153125,19.683,3
8519680,100000,2403.845616805656,2403.846153125,20.115,3
8650752,100000,2403.8457444155483,2403.846153125,19.804,3
8781824,100000,2403.845868216204,2403.846153125,19.723,3
8912896,100000,2403.845988375676,2403.846153125,19.936,3
9043968,100000,2403.846105052276,2403.846153125,20.022,3
9175040,100000,2403.8452408123,2403.846153125,19.958,3
9306112,100000,2403.8453647312235,2403.846153125,19.764,3
9437184,100000,2403.8454852079676,2403.846153125,19.643,3
9568256,100000,2403.8456023839904,2403.846153125,19.898,3
9699328,100000,2403.845716393105,2403.846153125,19.919,3
9830400,100000,2403.8458273619867,2403.846153125,19.673,3
9961472,100000,2403.845935410644,2403.846153125,19.68,3
10092544,100000,2403.8460406528525,2403.846153125,19.861,3
10223616,100000,2403.8461431965516,2403.846153125,19.969,3
10354688,100000,2403.8453769314,2403.846153125,19.706,3
10485760,100000,2403.8454852079676,2403.846153125,19.774,3
10616832,100000,2403.8455908110495,2403.846153125,19.677,3
10747904,100000,2403.845693838455,2403.846153125,19.858,3
10878976,100000,2403.8457943832814,2403.846153125,19.705,3
11010048,100000,2403.8458925341915,2403.846153125,19.559,3
11141120,100000,2403.845988375676,2403.846153125,20.046,3
11272192,100000,2403.8460819882957,2403.846153125,19.888,3
11403264,100000,2403.8453868878655,2403.846153125,19.894,3
11534336,100000,2403.8454852079676,2403.846153125,19.883,3
11665408,100000,2403.845581318637,2403.846153125,19.851,3
11796480,100000,2403.8456752935217,2403.846153125,19.964,3
11927552,100000,2403.8457672030313,2403.846153125,19.681,3
12058624,100000,2403.8458571145143,2403.846153125,19.805,3
12189696,100000,2403.845945092424,2403.846153125,19.944,3
12320768,100000,2403.8460311984695,2403.846153125,19.962,3
12451840,100000,2403.846115491762,2403.846153125,19.852,3
12582912,100000,2403.8454852079676,2403.846153125,19.957,3
12713984,100000,2403.8455733919836,2403.846153125,19.938,3
12845056,100000,2403.8456597763325,2403.846153125,19.91,3
12976128,100000,2403.845744415549,2403.846153125,19.856,3
13107200,100000,2403.8458273619863,2403.846153125,19.683,3
13238272,100000,2403.845908665926,2403.846153125,20.054,3
13369344,100000,2403.845988375676,2403.846153125,19.959,3
13500416,100000,2403.846066537669,2403.846153125,19.724,3
13631488,100000,2403.846143196551,2403.846153125,19.721,3
13762560,100000,2403.845566673201,2403.846153125,20.115,3
13893632,100000,2403.8456466013604,2403.846153125,19.856,3
14024704,100000,2403.8457250355405,2403.846153125,19.816,3
14155776,100000,2403.8458020172407,2403.846153125,19.77,3
14286848,100000,2403.845877586438,2403.846153125,19.956,3
14417920,100000,2403.845951781654,2403.846153125,19.777,3
14548992,100000,2403.846024640023,2403.846153125,19.889,3
14680064,100000,2403.8460961973547,2403.846153125,19.753,3
14811136,100000,2403.845560905751,2403.846153125,20.137,3
14942208,100000,2403.845635275508,2403.846153125,19.97,3
15073280,100000,2403.845708351882,2403.846153125,19.863,3
15204352,100000,2403.8457801683226,2403.846153125,19.958,3
15335424,100000,2403.8458507571368,2403.846153125,19.957,3
15466496,100000,2403.8459201495334,2403.846153125,19.964,3
15597568,100000,2403.845988375676,2403.846153125,19.864,3
15728640,100000,2403.8460554647195,2403.846153125,19.64,3
15859712,100000,2403.846121444857,2403.846153125,20.009,3
15990784,100000,2403.8456254350126,2403.846153125,19.934,3
16121856,100000,2403.845693838455,2403.846153125,19.8,3
16252928,100000,2403.84576113862,2403.846153125,19.695,3
16384000,100000,2403.8458273619863,2403.846153125,20.061,3
16515072,100000,2403.8458925341915,2403.846153125,19.897,3
16646144,100000,2403.845956680066,2403.846153125,19.716,3
16777216,100000,2403.8460198236644,2403.846153125,19.791,3
17039360,100000,2403.8461431965516,2403.846153125,20.067,3
17301504,100000,2403.8457444155483,2403.846153125,20.042,3
17563648,100000,2403.845868216204,2403.846153125,19.92,3
17825792,100000,2403.845988375676,2403.846153125,19.696,3
18087936,100000,2403.846105052276,2403.846153125,19.933,3
18350080,100000,2403.8457296036854,2403.846153125,19.945,3
18612224,100000,2403.845846638272,2403.846153125,19.789,3
18874368,100000,2403.845960421909,2403.846153125,20.028,3
19136512,100000,2403.846071088196,2403.846153125,20.174,3
19398656,100000,2403.845716393105,2403.846153125,20.028,3
19660800,100000,2403.8458273619867,2403.846153125,19.96,3
19922944,100000,2403.845935410644,2403.846153125,19.969,3
20185088,100000,2403.8460406528525,2403.846153125,19.906,3
20447232,100000,2403.8461431965516,2403.846153125,20.099,3
20709376,100000,2403.84581003773,2403.846153125,19.887,3
20971520,100000,2403.8459129005064,2403.846153125,19.934,3
21233664,100000,2403.8460132234695,2403.846153125,20.275,3
21495808,100000,2403.8461110995395,2403.846153125,20.023,3
21757952,100000,2403.8457943832814,2403.846153125,20.001,3
22020096,100000,2403.8458925341915,2403.846153125,20.007,3
22282240,100000,2403.845988375676,2403.846153125,20.144,3
22544384,100000,2403.8460819882957,2403.846153125,20.139,3
22806528,100000,2403.845780168323,2403.846153125,19.911,3
23068672,100000,2403.8458740193605,2403.846153125,20.042,3
23330816,100000,2403.845965761392,2403.846153125,19.974,3
23592960,100000,2403.8460554647195,2403.846153125,20.138,3
23855104,100000,2403.8461431965516,2403.846153125,19.932,3
24117248,100000,2403.8458571145143,2403.846153125,19.874,3
24379392,100000,2403.845945092424,2403.846153125,20.105,3
24641536,100000,2403.8460311984695,2403.846153125,20.107,3
24903680,100000,2403.846115491762,2403.846153125,19.885,3
25165824,100000,2403.845841618406,2403.846153125,19.893,3
25427968,100000,2403.8459261281128,2403.846153125,20.114,3
25690112,100000,2403.846008913138,2403.846153125,20.077,3
25952256,100000,2403.8460900257437,2403.846153125,19.91,3
26214400,100000,2403.8458273619863,2403.846153125,19.942,3
26476544,100000,2403.845908665926,2403.846153125,20.097,3
26738688,100000,2403.845988375676,2403.846153125,20.186,3
27000832,100000,2403.846066537669,2403.846153125,20.069,3
27262976,100000,2403.846143196551,2403.846153125,19.906,3
27525120,100000,2403.8458925341915,2403.846153125,20.101,3
27787264,100000,2403.8459693882114,2403.846153125,20.15,3
28049408,100000,2403.8460448057126,2403.846153125,19.973,3
28311552,100000,2403.8461188265974,2403.846153125,20.156,3
28573696,100000,2403.845877586438,2403.846153125,19.952,3
28835840,100000,2403.845951781654,2403.846153125,20.307,3
29097984,100000,2403.846024640023,2403.846153125,19.912,3
29360128,100000,2403.8460961973547,2403.846153125,20.109,3
29622272,100000,2403.845863696932,2403.846153125,20.291,3
29884416,100000,2403.845935410644,2403.846153125,20.313,3
30146560,100000,2403.8460058771648,2403.846153125,20.096,3
30408704,100000,2403.8460751287503,2403.846153125,19.977,3
30670848,100000,2403.8461431965516,2403.846153125,20.212,3
30932992,100000,2403.8459201495334,2403.846153125,20.389,3
31195136,100000,2403.845988375676,2403.846153125,20.11,3
31457280,100000,2403.8460554647195,2403.846153125,20.016,3
31719424,100000,2403.846121444857,2403.846153125,20.23,3
31981568,100000,2403.8459058891517,2403.846153125,20.176,3
32243712,100000,2403.845972012495,2403.846153125,20.178,3
32505856,100000,2403.846037069336,2403.846153125,20.043,3
32768000,100000,2403.846101085271,2403.846153125,20.075,3
33030144,100000,2403.8458925341915,2403.846153125,20.067,3
33292288,100000,2403.845956680066,2403.846153125,20.093,3
33554432,100000,2403.8460198236644,2403.846153125,20.1,3
34078720,100000,2403.8461431965516,2403.846153125,20.488,3
34603008,100000,2403.8460036231854,2403.846153125,20.257,3
35127296,100000,2403.846123555096,2403.846153125,20.1,3
35651584,100000,2403.845988375676,2403.846153125,20.392,3
36175872,100000,2403.846105052276,2403.846153125,20.283,3
36700160,100000,2403.8459739994532,2403.846153125,20.202,3
37224448,100000,2403.8460875918686,2403.846153125,20.079,3
37748736,100000,2403.845960421909,2403.846153125,20.196,3
38273024,100000,2403.846071088196,2403.846153125,20.152,3
38797312,100000,2403.845947578286,2403.846153125,20.299,3
39321600,100000,2403.8460554647195,2403.846153125,20.217,3
39845888,100000,2403.845935410644,2403.846153125,20.158,3
40370176,100000,2403.8460406528525,2403.846153125,20.262,3
40894464,100000,2403.8461431965516,2403.846153125,20.191,3
41418752,100000,2403.8460265909534,2403.846153125,20.17,3
41943040,100000,2403.846126746833,2403.846153125,19.979,3
42467328,100000,2403.8460132234695,2403.846153125,20.236,3
42991616,100000,2403.8461110995395,2403.846153125,20.386,3
43515904,100000,2403.8460005002016,2403.846153125,20.02,3
44040192,100000,2403.846096197355,2403.846153125,20.338,3
44564480,100000,2403.845988375676,2403.846153125,20.287,3
45088768,100000,2403.8460819882957,2403.846153125,20.409,3
45613056,100000,2403.8459768086,2403.846153125,20.281,3
46137344,100000,2403.8460684251036,2403.846153125,20.13,3
46661632,100000,2403.845965761392,2403.846153125,20.032,3
47185920,100000,2403.8460554647195,2403.846153125,20.474,3
47710208,100000,2403.8461431965516,2403.846153125,20.192,3
48234496,100000,2403.8460430678306,2403.846153125,20.211,3
48758784,100000,2403.846129046255,2403.846153125,20.249,3
49283072,100000,2403.8460311984695,2403.846153125,20.403,3
49807360,100000,2403.846115491762,2403.846153125,20.276,3
50331648,100000,2403.846019823665,2403.846153125,20.478,3
50855936,100000,2403.846102496216,2403.846153125,20.48,3
51380224,100000,2403.846008913138,2403.846153125,20.537,3
51904512,100000,2403.8460900257437,2403.846153125,20.369,3
52428800,100000,2403.8459984390324,2403.846153125,20.113,3
52953088,100000,2403.8460780491514,2403.846153125,20.593,3
53477376,100000,2403.845988375676,2403.846153125,20.508,3
54001664,100000,2403.846066537669,2403.846153125,20.359,3
54525952,100000,2403.846143196551,2403.846153125,20.26,3
55050240,100000,2403.8460554647195,2403.846153125,20.563,3
55574528,100000,2403.8461307816697,2403.846153125,20.66,3
56098816,100000,2403.8460448057126,2403.846153125,20.427,3
56623104,100000,2403.8461188265974,2403.846153125,20.366,3
57147392,100000,2403.846034537861,2403.846153125,20.276,3
57671680,100000,2403.846107306256,2403.846153125,20.661,3
58195968,100000,2403.846024640023,2403.846153125,20.497,3
58720256,100000,2403.8460961973547,2403.846153125,20.538,3
59244544,100000,2403.846015092551,2403.846153125,20.82,3
59768832,100000,2403.84608547824,2403.846153125,20.658,3
60293120,100000,2403.8460058771648,2403.846153125,20.563,3
60817408,100000,2403.8460751287503,2403.846153125,20.096,3
61341696,100000,2403.8461431965516,2403.846153125,20.467,3
61865984,100000,2403.8460651300907,2403.846153125,20.513,3
62390272,100000,2403.846132137917,2403.846153125,20.572,3
62914560,100000,2403.8460554647195,2403.846153125,20.605,3
63438848,100000,2403.846121444857,2403.846153125,20.587,3
63963136,100000,2403.846046116246,2403.846153125,20.678,3
64487424,100000,2403.846111099539,2403.846153125,20.6,3
65011712,100000,2403.846037069336,2403.846153125,20.429,3
65536000,100000,2403.846101085271,2403.846153125,20.416,3
66060288,100000,2403.84602830963,2403.846153125,20.528,3
66584576,100000,2403.846091386414,2403.846153125,20.547,3
67108864,100000,2403.8460198236644,2403.846153125,20.551,3
68157440,100000,2403.8461431965516,2403.846153125,20.832,3
69206016,100000,2403.846133227025,2403.846153125,20.864,3
70254592,100000,2403.846123555096,2403.846153125,20.683,3
71303168,100000,2403.8461141676357,2403.846153125,20.48,3
72351744,100000,2403.846105052276,2403.846153125,20.858,3
73400320,100000,2403.846096197355,2403.846153125,20.863,3
74448896,100000,2403.8460875918686,2403.846153125,20.679,3
75497472,100000,2403.846079225423,2403.846153125,20.548,3
76546048,100000,2403.846071088196,2403.846153125,20.822,3
77594624,100000,2403.846063170894,2403.846153125,21.007,3
78643200,100000,2403.8460554647195,2403.846153125,20.873,3
79691776,100000,2403.8460479613395,2403.846153125,20.844,3
80740352,100000,2403.84615174186,2403.846153125,20.81,3
81788928,100000,2403.8461431965516,2403.846153125,21.06,3
82837504,100000,2403.84613486758,2403.846153125,20.78,3
83886080,100000,2403.846126746833,2403.846153125,20.791,3
84934656,100000,2403.846118826598,2403.846153125,21.078,3
85983232,100000,2403.8461110995395,2403.846153125,21.103,3
87031808,100000,2403.8461035586747,2403.846153125,20.849,3
88080384,100000,2403.846096197355,2403.846153125,20.558,3
89128960,100000,2403.846089009243,2403.846153125,21.068,3
90177536,100000,2403.8460819882957,2403.846153125,21.268,3
91226112,100000,2403.8460751287503,2403.846153125,21.089,3
92274688,100000,2403.8460684251036,2403.846153125,20.845,3
93323264,100000,2403.8460618721,2403.846153125,21.126,3
94371840,100000,2403.846150507538,2403.846153125,21.396,3
95420416,100000,2403.8461431965516,2403.846153125,21.184,3
96468992,100000,2403.8461360445,2403.846153125,20.878,3
97517568,100000,2403.846129046255,2403.846153125,21.341,3
98566144,100000,2403.84612219691,2403.846153125,21.474,3
99614720,100000,2403.846115491762,2403.846153125,21.167,3
100663296,100000,2403.846108926304,2403.846153125,21.092,3
101711872,100000,2403.846102496216,2403.846153125,21.457,3
102760448,100000,2403.846096197355,2403.846153125,21.627,3
103809024,100000,2403.8460900257437,2403.846153125,21.227,3
104857600,100000,2403.8460839775644,2403.846153125,21.367,3
105906176,100000,2403.8460780491514,2403.846153125,21.429,3
106954752,100000,2403.846072236981,2403.846153125,21.778,3
108003328,100000,2403.846149584792,2403.846153125,21.395,3
109051904,100000,2403.846143196551,2403.846153125,21.363,3
110100480,100000,2403.8461369299916,2403.846153125,21.782,3
111149056,100000,2403.8461307816697,2403.846153125,21.708,3
112197632,100000,2403.8461247482687,2403.846153125,21.604,3
113246208,100000,2403.8461188265974,2403.846153125,21.276,3
114294784,100000,2403.846113013581,2403.846153125,21.643,3
115343360,100000,2403.846107306256,2403.846153125,21.9,3
116391936,100000,2403.8461017017653,2403.846153125,21.55,3
117440512,100000,2403.8460961973547,2403.846153125,21.021,3
118489088,100000,2403.8460907903677,2403.846153125,21.879,3
119537664,100000,2403.84608547824,2403.846153125,21.887,3
120586240,100000,2403.8460802584973,2403.846153125,21.526,3
121634816,100000,2403.8461488688686,2403.846153125,22.222,3
122683392,100000,2403.8461431965516,2403.846153125,21.913,3
123731968,100000,2403.8461376203754,2403.846153125,22.068,3
124780544,100000,2403.846132137917,2403.846153125,21.905,3
125829120,100000,2403.8461267468324,2403.846153125,21.209,3
126877696,100000,2403.846121444857,2403.846153125,21.979,3
127926272,100000,2403.846116229799,2403.846153125,21.951,3
128974848,100000,2403.846111099539,2403.846153125,21.82,3
130023424,100000,2403.8461060520253,2403.846153125,21.544,3
131072000,100000,2403.846101085271,2403.846153125,21.967,3
132120576,100000,2403.846096197355,2403.846153125,22.116,3
133169152,100000,2403.846091386414,2403.846153125,22.004,3
134217728,100000,2403.8460866506434,2403.846153125,21.945,3
136314880,100000,2403.8461431965516,2403.846153125,22.13,3
138412032,100000,2403.846133227025,2403.846153125,22.369,3
140509184,100000,2403.846123555096,2403.846153125,21.973,3
142606336,100000,2403.8461141676357,2403.846153125,21.453,3
144703488,100000,2403.846105052276,2403.846153125,22.589,3
146800640,100000,2403.846096197355,2403.846153125,22.474,3
148897792,100000,2403.8461478302756,2403.846153125,22.16,3
150994944,100000,2403.846138627185,2403.846153125,22.469,3
153092096,100000,2403.8461296762343,2403.846153125,22.914,3
155189248,100000,2403.846120967202,2403.846153125,22.661,3
157286400,100000,2403.8461124904097,2403.846153125,22.416,3
159383552,100000,2403.846104236691,2403.846153125,22.073,3
161480704,100000,2403.84615174186,2403.846153125,22.793,3
163577856,100000,2403.8461431965516,2403.846153125,22.839,3
165675008,100000,2403.84613486758,2403.846153125,22.565,3
167772160,100000,2403.846126746833,2403.846153125,21.941,3
169869312,100000,2403.846118826598,2403.846153125,22.691,3
171966464,100000,2403.8461110995395,2403.846153125,22.889,3
174063616,100000,2403.8461035586747,2403.846153125,22.667,3
176160768,100000,2403.8461471131513,2403.846153125,22.766,3
178257920,100000,2403.8461393260295,2403.846153125,23.337,3
180355072,100000,2403.8461317200035,2403.846153125,23.271,3
182452224,100000,2403.846124288829,2403.846153125,23.088,3
184549376,100000,2403.846117026544,2403.846153125,23.218,3
186646528,100000,2403.846109927457,2403.846153125,23.613,3
188743680,100000,2403.846150507538,2403.846153125,23.474,3
190840832,100000,2403.8461431965516,2403.846153125,23.272,3
192937984,100000,2403.8461360445,2403.846153125,22.668,3
195035136,100000,2403.846129046255,2403.846153125,23.619,3
197132288,100000,2403.84612219691,2403.846153125,23.529,3
199229440,100000,2403.846115491762,2403.846153125,23.359,3
201326592,100000,2403.846108926304,2403.846153125,23.12,3
203423744,100000,2403.846146588246,2403.846153125,23.717,3
205520896,100000,2403.846139839466,2403.846153125,23.692,3
207618048,100000,2403.846133227025,2403.846153125,23.274,3
209715200,100000,2403.8461267468324,2403.846153125,23.53,3
211812352,100000,2403.846120394961,2403.846153125,24.046,3
213909504,100000,2403.8461141676357,2403.846153125,23.773,3
216006656,100000,2403.846149584792,2403.846153125,23.8,3
218103808,100000,2403.846143196551,2403.846153125,23.321,3
220200960,100000,2403.8461369299916,2403.846153125,23.83,3
222298112,100000,2403.8461307816697,2403.846153125,24.096,3
224395264,100000,2403.8461247482687,2403.846153125,23.834,3
226492416,100000,2403.8461188265974,2403.846153125,23.672,3
228589568,100000,2403.8461522514426,2403.846153125,24.636,3
230686720,100000,2403.8461461874094,2403.846153125,24.417,3
232783872,100000,2403.8461402326384,2403.846153125,24.119,3
234881024,100000,2403.846134384202,2403.846153125,24.017,3
236978176,100000,2403.846128639278,2403.846153125,24.592,3
239075328,100000,2403.846122995142,2403.846153125,24.433,3
241172480,100000,2403.8461174491654,2403.846153125,24.365,3
243269632,100000,2403.8461488688686,2403.846153125,24.498,3
245366784,100000,2403.8461431965516,2403.846153125,24.447,3
247463936,100000,2403.8461376203754,2403.846153125,24.795,3
249561088,100000,2403.846132137917,2403.846153125,24.47,3
251658240,100000,2403.8461267468324,2403.846153125,24.478,3
253755392,100000,2403.846121444857,2403.846153125,24.952,3
255852544,100000,2403.8461512865774,2403.846153125,24.749,3
257949696,100000,2403.8461458713023,2403.846153125,24.589,3
260046848,100000,2403.846140543371,2403.846153125,24.299,3
262144000,100000,2403.8461353006865,2403.846153125,24.994,3
264241152,100000,2403.8461301412194,2403.846153125,25.101,3
266338304,100000,2403.846125063003,2403.846153125,24.707,3
268435456,100000,2403.846120064134,2403.846153125,24.78,3
272629760,100000,2403.8461431965516,2403.846153125,25.412,3
276824064,100000,2403.846133227025,2403.846153125,24.92,3
281018368,100000,2403.846123555096,2403.846153125,24.912,3
285212672,100000,2403.846145615628,2403.846153125,24.749,3
289406976,100000,2403.8461360445,2403.846153125,25.319,3
293601280,100000,2403.846126746833,2403.846153125,25.542,3
297795584,100000,2403.8461478302756,2403.846153125,25.404,3
301989888,100000,2403.846138627185,2403.846153125,25.755,3
306184192,100000,2403.8461296762343,2403.846153125,26.234,3
310378496,100000,2403.8461498653564,2403.846153125,25.727,3
314572800,100000,2403.8461410032555,2403.846153125,25.921,3
318767104,100000,2403.846132374368,2403.846153125,24.824,3
322961408,100000,2403.84615174186,2403.846153125,26.369,3
327155712,100000,2403.8461431965516,2403.846153125,26.417,3
331350016,100000,2403.84613486758,2403.846153125,25.924,3
335544320,100000,2403.846126746833,2403.846153125,26.01,3
339738624,100000,2403.8461452273814,2403.846153125,26.751,3
343932928,100000,2403.846137178362,2403.846153125,25.528,3
348127232,100000,2403.8461293232945,2403.846153125,26.345,3
352321536,100000,2403.8461471131513,2403.846153125,25.976,3
356515840,100000,2403.8461393260295,2403.846153125,27.321,3
360710144,100000,2403.8461317200035,2403.846153125,27.077,3
364904448,100000,2403.8461488688686,2403.846153125,26.769,3
369098752,100000,2403.8461413272657,2403.846153125,27.229,3
373293056,100000,2403.8461339551363,2403.846153125,27.442,3
377487360,100000,2403.846150507538,2403.846153125,27.607,3
381681664,100000,2403.8461431965516,2403.846153125,27.354,3
385875968,100000,2403.8461360445,2403.846153125,27.246,3
390070272,100000,2403.8461520404867,2403.846153125,27.684,3
394264576,100000,2403.8461449465217,2403.846153125,27.734,3
398458880,100000,2403.846138001903,2403.846153125,27.601,3
402653184,100000,2403.846131201965,2403.846153125,27.476,3
406847488,100000,2403.846146588246,2403.846153125,28.429,3
411041792,100000,2403.846139839466,2403.846153125,28.125,3
415236096,100000,2403.846133227025,2403.846153125,27.809,3
419430400,100000,2403.8461481314675,2403.846153125,27.813,3
423624704,100000,2403.8461415678667,2403.846153125,28.84,3
427819008,100000,2403.846135132964,2403.846153125,28.549,3
432013312,100000,2403.846149584792,2403.846153125,28.486,3
436207616,100000,2403.846143196551,2403.846153125,27.889,3
440401920,100000,2403.8461369299916,2403.846153125,28.825,3
444596224,100000,2403.846150955853,2403.846153125,28.809,3
448790528,100000,2403.8461447339087,2403.846153125,28.628,3
452984832,100000,2403.846138627185,2403.846153125,29.153,3
457179136,100000,2403.8461522514426,2403.846153125,29.635,3
461373440,100000,2403.8461461874094,2403.846153125,29.515,3
465567744,100000,2403.8461402326384,2403.846153125,29.288,3
469762048,100000,2403.846134384202,2403.846153125,29.344,3
473956352,100000,2403.8461475637337,2403.846153125,30.035,3
478150656,100000,2403.8461417535937,2403.846153125,29.824,3
482344960,100000,2403.8461360445,2403.846153125,29.638,3
486539264,100000,2403.8461488688686,2403.846153125,29.504,3
490733568,100000,2403.8461431965516,2403.846153125,29.721,3
494927872,100000,2403.8461376203754,2403.846153125,29.986,3
499122176,100000,2403.8461501081983,2403.846153125,29.837,3
503316480,100000,2403.8461445673615,2403.846153125,30.148,3
507510784,100000,2403.8461391181086,2403.846153125,30.715,3
511705088,100000,2403.8461512865774,2403.846153125,30.608,3
515899392,100000,2403.8461458713023,2403.846153125,30.242,3
520093696,100000,2403.846140543371,2403.846153125,30.377,3
524288000,100000,2403.846152408394,2403.846153125,30.971,3
528482304,100000,2403.8461471131513,2403.846153125,30.811,3
532676608,100000,2403.8461419012983,2403.846153125,30.693,3
536870912,100000,2403.84613677088,2403.846153125,30.277,3
545259520,100000,2403.8461431965516,2403.846153125,31.176,3
553648128,100000,2403.8461494275057,2403.846153125,31.076,3
562036736,100000,2403.846139513779,2403.846153125,31.172,3
570425344,100000,2403.846145615628,2403.846153125,31.513,3
578813952,100000,2403.846151540612,2403.846153125,32.291,3
587202560,100000,2403.8461420215717,2403.846153125,31.992,3
595591168,100000,2403.8461478302756,2403.846153125,31.789,3
603979776,100000,2403.846138627185,2403.846153125,31.809,3
612368384,100000,2403.8461443232445,2403.846153125,32.449,3
620756992,100000,2403.8461498653564,2403.846153125,32.634,3
629145600,100000,2403.8461410032555,2403.846153125,32.54,3
637534208,100000,2403.8461464432066,2403.846153125,32.783,3
645922816,100000,2403.84615174186,2403.846153125,33.561,3
654311424,100000,2403.8461431965516,2403.846153125,33.41,3
662700032,100000,2403.846148402159,2403.846153125,33.354,3
671088640,100000,2403.8461401122295,2403.846153125,33.698,3
679477248,100000,2403.8461452273814,2403.846153125,34.358,3
687865856,100000,2403.8461502177734,2403.846153125,33.556,3
696254464,100000,2403.8461422056043,2403.846153125,33.833,3
704643072,100000,2403.8461471131513,2403.846153125,34.33,3
713031680,100000,2403.8461519052266,2403.846153125,35.078,3
721420288,100000,2403.8461441529303,2403.846153125,35.044,3
729808896,100000,2403.8461488688686,2403.846153125,34.832,3
738197504,100000,2403.8461413272657,2403.846153125,34.208,3
746586112,100000,2403.846145968976,2403.846153125,35.36,3
754974720,100000,2403.846150507538,2403.846153125,35.481,3
763363328,100000,2403.8461431965516,2403.846153125,35.285,3
771751936,100000,2403.846147666584,2403.846153125,36.008,3
780140544,100000,2403.8461520404867,2403.846153125,36.329,3
788529152,100000,2403.8461449465217,2403.846153125,36.564,3
796917760,100000,2403.8461492569745,2403.846153125,36.28,3
805306368,100000,2403.8461423397957,2403.846153125,35.863,3
813694976,100000,2403.846146588246,2403.846153125,37.047,3
822083584,100000,2403.846150749994,2403.846153125,37.121,3
830472192,100000,2403.8461440273454,2403.846153125,36.862,3
838860800,100000,2403.8461481314675,2403.846153125,37.219,3
847249408,100000,2403.8461521543195,2403.846153125,37.938,3
855638016,100000,2403.846145615628,2403.846153125,38.059,3
864026624,100000,2403.846149584792,2403.846153125,37.852,3
872415232,100000,2403.846143196551,2403.846153125,38.054,3
880803840,100000,2403.8461471131513,2403.846153125,38.757,3
889192448,100000,2403.846150955853,2403.846153125,38.683,3
897581056,100000,2403.8461447339087,2403.846153125,38.462,3
905969664,100000,2403.8461485274793,2403.846153125,39.042,3
914358272,100000,2403.8461522514426,2403.846153125,39.487,3
922746880,100000,2403.8461461874094,2403.846153125,39.463,3
931135488,100000,2403.8461498653564,2403.846153125,39.34,3
939524096,100000,2403.846143930914,2403.846153125,40.028,3
947912704,100000,2403.8461475637337,2403.846153125,39.719,3
956301312,100000,2403.8461511328196,2403.846153125,39.776,3
964689920,100000,2403.846145342167,2403.846153125,39.918,3
973078528,100000,2403.8461488688686,2403.846153125,40.822,3
981467136,100000,2403.8461523352844,2403.846153125,40.637,3
989855744,100000,2403.8461466816616,2403.846153125,41.03,3
998244352,100000,2403.8461501081983,2403.846153125,40.751,3
1006632960,100000,2403.8461445673615,2403.846153125,41.014,3
1015021568,100000,2403.8461479547345,2403.846153125,41.622,3
1023410176,100000,2403.8461512865774,2403.846153125,41.649,3
1031798784,100000,2403.8461458713023,2403.846153125,41.274,3
1040187392,100000,2403.846149166208,2403.846153125,41.281,3
1048576000,100000,2403.846152408394,2403.846153125,42.523,3
1056964608,100000,2403.8461471131513,2403.846153125,42.431,3
1065353216,100000,2403.8461503204458,2403.846153125,42.105,3
1073741824,100000,2403.846145124253,2403.846153125,17.206,3
